{"name":"e23a0808-1b7d-4d2b-ad77-87df9ef2be3b","id":"/providers/Microsoft.Flow/flows/e23a0808-1b7d-4d2b-ad77-87df9ef2be3b","type":"Microsoft.Flow/flows","properties":{"apiId":"/providers/Microsoft.PowerApps/apis/shared_logicflows","displayName":"HomerFlow","definition":{"metadata":{"workflowEntityId":null,"creator":{"id":"c426e588-0287-4909-a0a9-0abb5daa527f","type":"User","tenantId":"09e251dc-5e87-48bf-b4d2-71b01adb984a"},"provisioningMethod":"FromDefinition","failureAlertSubscription":true,"clientLastModifiedTime":"2018-11-30T13:20:12.393625Z"},"$schema":"https://schema.management.azure.com/providers/Microsoft.Logic/schemas/2016-06-01/workflowdefinition.json#","contentVersion":"1.0.0.0","parameters":{"$authentication":{"defaultValue":{},"type":"SecureObject"}},"triggers":{"manual":{"type":"Request","kind":"PowerApp","inputs":{"schema":{"type":"object","required":[],"properties":{}}}}},"actions":{"Respond_to_PowerApps":{"runAfter":{},"type":"Response","kind":"PowerApp","inputs":{"statusCode":200,"body":{"ahh":"Donuts"},"schema":{"type":"object","properties":{"ahh":{"title":"ahh","type":"string","x-ms-dynamically-added":true}}}}}},"outputs":{}},"connectionReferences":{},"flowFailureAlertSubscribed":false}}